Prénom,Nom,Téléphone,Mobile,Email,Fonction,Entreprise,Site
Claudine,Lebrun,null,"+33 1 90 63 11 69",daubert@hotmail.fr,Elastiqueur,Lambert,"Perrier Bousquet SA"
Laetitia,Faivre,"03 28 65 96 62","+33 (0)9 20 58 59 20",mtessier@letellier.com,"Mouleur sable",Lambert,"Pelletier S.A.R.L."
Élodie,Rodrigues,"+33 7 74 71 63 73","+33 8 95 82 41 68",marc.huet@tele2.fr,"Chef du personnel",Lambert,"Perrier Bousquet SA"
Charles,Martel,"+33 (0)1 83 84 71 11","+33 (0)1 35 19 52 09",boulay.margaux@vallet.fr,Etancheur,Lambert,"Pelletier S.A.R.L."
Emmanuel,Bouvet,"03 69 61 96 82","+33 (0)3 38 57 26 96",theophile.perrin@briand.org,"Chef des ventes",Lambert,"Pelletier S.A.R.L."
Arthur,Lambert,null,"08 95 16 51 35",pires.adrien@dbmail.com,"Doreur sur métaux",Lambert,Fouquet
Nicolas,"Le Goff",null,"01 10 69 72 51",ulegall@tele2.fr,"Chef de fabrication",Lambert,Fouquet
Claude,Wagner,null,"+33 (0)8 99 26 74 66",cecile.fabre@laposte.net,"Verrier à main levée",Lambert,"Pelletier S.A.R.L."
Brigitte,Herve,"+33 6 07 97 63 78","+33 (0)2 54 67 51 04",etienne.luc@hardy.fr,"Artificier spectacle",Lambert,Fouquet
